,Open,High,Low,Close,Volume,Close time
0,0.001444,0.005378,0.00112,0.003312,110589435372.0,2022-07-17 23:59:59.999
